id	title	url
		
cf2aba6116d995f037d5ae4565020ef3	房顶上的一只鸟	https://ps.ssl.qhmsg.com/t012832389a30e070f6.jpg
		
46266b77a0cabd9eb629cdcce403e834	"茅草屋顶,屋顶,房子,北方,弗里斯兰省,石荷州,德国,欧洲"	https://p0.ssl.qhimgs1.com/t0121f78eac7262d074.jpg
		
ce63999e3f2ab26456e6e06b4cda7e2f	"彩色,房子,岛屿,丹麦,斯堪的纳维亚,欧洲"	https://ps.ssl.qhmsg.com/t01842ddb1e5bf088df.jpg
		
0e97ac382ed01acb5c4d1b42c54ca8e5	"阿基坦,法国,欧洲"	https://p5.ssl.qhimgs1.com/t0136da7d6fe19e1c5b.jpg
		
96384384f2ca6186fffd3f111c11a4c2	森林记	https://ps.ssl.qhmsg.com/t01fcb3feb9b4e5bc95.jpg
		
e03c60630bd33510872ac69071df55ee	放松	https://p0.ssl.qhimgs1.com/t01ef96679b18ac3ddc.jpg
		
d5190d6096346b7dc76047604f3243cb	"科赫姆,摩泽尔河谷,德国,欧洲"	https://ps.ssl.qhmsg.com/t01397d49871a9fc785.jpg
		
a07108891d52e8abf9f2c9d16509dcb1	农村民居	https://p0.ssl.qhimgs1.com/t01ca8ddbaac28461b4.jpg
		
45c3c103394bcecae999fe6497bd2890	摄影	https://p1.ssl.qhimgs1.com/t0183893a8b17d29eb1.jpg
		
547d71611d2946a82dee3094e1ca8c60	"软垫,椅子,沙发,柜橱,客厅,老,住宅,木质,侧面,家,魁北克,加拿大"	https://ps.ssl.qhmsg.com/t01e50a223834dbc889.jpg
		
1c716fa85724d5e5328903ad6bbe3af6	"乡村,小屋,桑给巴尔岛,非洲"	https://ps.ssl.qhmsg.com/t015fb4e156db388568.jpg
		
021a7dba37202c58091e4e9c2c9cd374	蒙蒂基罗托斯卡纳	https://ps.ssl.qhmsg.com/t01de4bed22342c4855.jpg
		
21714ddcdf2f55a1379717ee9a61c4b6	孩子的房间	https://ps.ssl.qhmsg.com/t0156e2bca11669ed37.jpg
		
5c103c03a9ec8583883b2d50671b308b	"乡村,湖,瑞典"	https://ps.ssl.qhmsg.com/t015dfab25f6d4b6556.jpg
		
8b9cdb934e919b1d2367ed139b066a48	森林	https://p3.ssl.qhimgs1.com/t010ce491d185364e53.jpg
		
1d30b5510d76bd5259df082fafe31e5e	"房子,反射,水,智鲁岛,岛屿,智利,南美"	https://p0.ssl.qhimgs1.com/t01f29d425728b65ad0.jpg
		
608fee94e8ee081c195ca0fcade96ce5	"伯利兹,港口,伯利兹城,中美洲"	https://p2.ssl.qhimgs1.com/t01e1c25ed629672092.jpg
		
8d98b647eb7aff01d4f41f4a203c5d41	"北约克郡,约克郡溪谷国家公园,山谷,农场,屋舍,地点,谷仓"	https://p0.ssl.qhimgs1.com/t01f328bef4d6924b34.jpg
		
9e727dc68f4df62fcae74d3033ede819	摄影	https://ps.ssl.qhmsg.com/t01235ad04a4da88658.jpg
		
99c19c751d1ec9972752cdf3d2aaca51	"拉丁区,帕那吉,果阿,印度,亚洲"	https://p0.ssl.qhimgs1.com/t017f5f5ce5ffccc9c0.jpg
		
576bfe9e3c42fa2da8b7cf4865bd25cc	窗框粮食电梯	https://p0.ssl.qhimgs1.com/t014421799015946e3c.jpg
		
6d3c191363e9755c6a4666bac7263ec5	"犁,原木房子,家园,曼尼托巴,加拿大"	https://p0.ssl.qhimgs1.com/t0161c81bfb680f9c20.jpg
		
95780308df571365f1f12d316f22d9c1	"酒架,正面,老,木质,楼梯,住宅,原木,家,魁北克,加拿大,图像,地产,书本,杂志,报纸,使用,只有"	https://ps.ssl.qhmsg.com/t01a5ccd88f037038b6.jpg
		
e516133dba3f2f5d6c3ba95ac277e0fb	"房子,乡村,安徽,中国,亚洲"	https://ps.ssl.qhmsg.com/t015d94126c230cf808.jpg
		
6566501e210d9dc5f9d5b722fa513e55	森林	https://p0.ssl.qhimgs1.com/t01a098025e4214bacc.jpg
		
1d691d91991aba773a8fd774753d8b74	"马达加斯加,海滩,胜地,餐馆"	https://ps.ssl.qhmsg.com/t01e06fc61b00309bc7.jpg
		
d5e82fdce5885e63ee5e556979d154c4	"港口,布雷顿角,新斯科舍省,加拿大"	https://ps.ssl.qhmsg.com/t019bf4517fdfdd6006.jpg
		
04986de3aaae0b8b2dba8744bc86044f	"标识,文字,屋舍,箭头"	https://ps.ssl.qhmsg.com/t012b59ee7a85264b55.jpg
		
0864988e1e7a8c33f12f085c693b6faa	摄影	https://p0.ssl.qhimgs1.com/t0152942e445fa76ab4.jpg
		
4ae49e03bab4be0bd87b0a9977045ec1	"天空,道路,爱尔兰"	https://p2.ssl.qhimgs1.com/t01a8983a1319ee70c2.jpg
		
57aa435925acffac1d6ea6f96e8735a2	"港口,海滨胜地,城堡,斯卡伯勒,约克郡,英格兰,英国,欧洲"	https://p3.ssl.qhimgs1.com/t015dcf58bfdbad7ff3.jpg
		
1557ddcdfbff201950398352cf8b512d	温室内盛开的紫色菊花	https://p1.ssl.qhimgs1.com/t01dcf90ffd611bf4d1.jpg
		
8288a44217c62d6f51748228cab0d3b0	"布拉诺岛,岛屿,靠近,威尼斯,威尼托,意大利,欧洲"	https://ps.ssl.qhmsg.com/t019b363fbc0432c9f8.jpg
		
0ee694dd67c374af3ce5cc34dbef1585	时尚家居	https://ps.ssl.qhmsg.com/t01f5782ebc707d0e07.jpg
		
453c5b967457f3d56510a45b82df8314	大围山峡谷漂流	https://ps.ssl.qhmsg.com/t0173b4f5e4e93afa19.jpg
		
081906f14bf46349bb6554509a15fbd6	"乡村,静物,土豆,卷心菜,正面,农舍"	https://ps.ssl.qhmsg.com/t016a21c4d2afd97d1f.jpg
		
4df3df2087f319509ca72f4f5bb58b26	"山谷,白云岩,特兰迪诺,南蒂罗尔,意大利,欧洲"	https://p1.ssl.qhimgs1.com/t0199a3a7f2f4a489ed.jpg
		
3f78cd799b6559114ce132c82cf52f0b	"公园,野餐凳,木头"	https://p0.ssl.qhimgs1.com/t01c04c68cb841016a4.jpg
		
66d00a646ec25e6e71d6d89e3307b7e2	安吉深溪峡谷漂流	https://p0.ssl.qhimgs1.com/t01a9e11720c9189b04.jpg
		
5e7e00de88637de33f0bb87dd9e21e99	"家禽,鹅"	https://ps.ssl.qhmsg.com/t0172e359ef46305297.jpg
		
57f3133dd307a51d1d5954b1f2995499	"约克郡谷地,英格兰,英国,自然,乡村"	https://p0.ssl.qhimgs1.com/t019de9ad60e2b2795c.jpg
		
4673311d793fc63d36a0d2a6448ac521	"怪异,图书馆,梯子,英国,郊区住宅"	https://p0.ssl.qhimgs1.com/t019051ba55f8ea93fc.jpg
		
a973210a44ba0c65785ba86fb60dfbfd	"乡村,五渔村国家公园,马纳罗拉,意大利"	https://ps.ssl.qhmsg.com/t01b525f943c8ded798.jpg
		
83719939a7c7b5ca04bc986a888b82d4	"特写,瓷器,葡萄酒杯,插花,桌上"	https://p0.ssl.qhimgs1.com/t011a4504ff9f1c2f0c.jpg
		
270fe15b6b3f1bc4726178df73bbe9b4	"乡村,反射,水,阿基坦,法国,欧洲"	https://p0.ssl.qhimgs1.com/t01318ee5ebe675f780.jpg
		
2f148c8c00ff71ccb415d99ca2231728	"椅子,平台,拿,优势,现代,上方"	https://p0.ssl.qhimgs1.com/t014cf587993c5a4410.jpg
		
d68fc5238e7a16a421b1cf3ee29d1967	"客厅,自然,彩色,室内植物"	https://p2.ssl.qhimgs1.com/t012c18b1f191715702.jpg
		
7a9fde47db0dab47b1cb2b94328ed4f2	"高草,家园,卡车,薄雾"	https://p1.ssl.qhimgs1.com/t0142405020fc662311.jpg
		
65c03339767860818572835cd28082ca	风光	https://p2.ssl.qhimgs1.com/t011bf3561bc54fa3b2.jpg
		
08137d30e1d5d0be7b903f452f1dc6a0	"房子,德贝郡,英格兰,英国"	https://ps.ssl.qhmsg.com/t0179fa00e9b0614e45.jpg
		
eab4dace85dfd16f4f997b98d0048b44	"玫瑰,水,水罐,酒店,西班牙"	https://ps.ssl.qhmsg.com/t018a1c4efb5f5dde09.jpg
		
5a01c22df2dd8fd0779032610dd8f25a	"船,坐,拖车,岩石,岸边,诺森伯兰郡,英格兰"	https://p0.ssl.qhimgs1.com/t01a42d980a2a689310.jpg
		
707e35de915a507ff7f37915332db855	"历史建筑,拉贾斯坦邦,印度"	https://ps.ssl.qhmsg.com/t019d3d79cb7285b316.jpg
		
050d6f2c3d66f9774a96fe4b91da2139	"农田,爱德华王子岛,加拿大"	https://p2.ssl.qhimgs1.com/t0145f2481a8b35382e.jpg
		
9ca97a3b99261e531ac7ef5035fddc99	"江门,潮莲别墅"	https://p0.ssl.qhimgs1.com/t0114078c149d2d4490.jpg
		
56627a07f300e7d25ef7acf10e0b4d0d	"锁,房子,法国,欧洲"	https://ps.ssl.qhmsg.com/t01d97ecaed7596eb26.jpg
		
9cc361f010987d706dd66eb3f412b5f8	"景色,劳伦斯河,魁北克,加拿大"	https://p3.ssl.qhimgs1.com/t01aaf018644e6562c3.jpg
		
0566ad47454fac378b80d115b315f07e	"老,木质,文化遗产,房子,坐,遗址,美洲狮,花园,船,港口,格里夸湾,不列颠哥伦比亚省,加拿大"	https://ps.ssl.qhmsg.com/t01b3a2a4c12bd86109.jpg
		
62237c713337ca026ad1fd6a66a95b32	家居设计	https://p2.ssl.qhimgs1.com/t0154b19612cbc0ec82.jpg
		
fc45eca67641771f927074c8ca42922d	"蚊帐,高处,床,白色,棉布,床上用品,简单,卧室"	https://ps.ssl.qhmsg.com/t019bc49b53cc467ad9.jpg
		
27423cbcdafcc2834f33ab5e1751ba0d	河流经村	https://p0.ssl.qhimgs1.com/t014f041e74f967e43a.jpg
		
813f7f151a32ce2e7d7004c34e9b2d4d	"老,厨具,黄铜,悬挂,正面,乡村,木墙"	https://p0.ssl.qhimgs1.com/t017034ac43a5df1b1a.jpg
		
e669502038e96af564b3f6aceea13c9b	"草帽,花园椅"	https://ps.ssl.qhmsg.com/t01f7d4259d38433406.jpg
		
bf2ef171c6e330fd5c2810986c60d767	"卡车,鹅,邮箱,爱德华王子岛,加拿大"	https://p0.ssl.qhimgs1.com/t01f04cf9e53cc6fab0.jpg
		
6266c8dc85152a7b9bf30e4b41f27a18	"城镇,西海岸,岛屿,拉迪戈岛,塞舌尔,印度洋,非洲"	https://p2.ssl.qhimgs1.com/t01f8237d8b54937d2e.jpg
		
6b9acbf44809bcbfd796ec4a54efd370	"湖,威克洛郡,爱尔兰"	https://p0.ssl.qhimgs1.com/t017848dae131cb01bc.jpg
		
92fda43e65a199cb8ba5dacdd925aacf	"江门,潮莲别墅"	https://p5.ssl.qhimgs1.com/t01b20f25b4c69897eb.jpg
		
4014cd79eda7a3f0b95b055fb41038f7	"风景,阿勒格尼,山,高地,旋钮,弗兰克-劳埃德-莱特,设计,住宅"	https://p3.ssl.qhimgs1.com/t01acf261a01fff1ae3.jpg
		
29cd69aea5151b769bb41595b162e2ec	青岛森林野生动物世界	https://ps.ssl.qhmsg.com/t016043d5d86c0c841f.jpg
		
7cf8f99c76dfc818d2b049041dda6259	这个长谷仓工作室	https://p0.ssl.qhimgs1.com/t010ac62d720b0ef10a.jpg
		
622190fb018418f73a77c7b34f92bea9	"蓝色,浴室,黄铜,水龙头"	https://p0.ssl.qhimgs1.com/t011847417488679390.jpg
		
e3625beb7f963441f1d024558c456194	"乡村,门,门环,涂绘,白色,入口,房子"	https://ps.ssl.qhmsg.com/t0102c28d233875b5f6.jpg
		
aa65afc9d0e47a5d9f96e2786dab06fc	"梅奥,南海岸,德文郡,英格兰,英国"	https://p0.ssl.qhimgs1.com/t01678112c5bdc9d3bc.jpg
		
c87ab257434f71203bbfdc7392fdf08b	"桌子,丰盛,餐食,奶酪,面包,香肠,啤酒"	https://ps.ssl.qhmsg.com/t01f5ef6a07003c762f.jpg
		
9cddbee15d443b00216a79fb2aa6fd63	四川泸州古蔺县太平古镇	https://p0.ssl.qhimgs1.com/t0128bd36b902749ce4.jpg
		
7e84d2c926e17fe6baa3c4f918143a3b	陕西礼泉县袁家村酒坊	https://ps.ssl.qhmsg.com/t017964f1f912bc12ff.jpg
		
31232056854603a7d872ea7b7946148b	母牛在领域	https://p1.ssl.qhimgs1.com/t011d828dff7970ef7d.jpg
		
dd8e8ec908f864f6610ccbcf3a0cce6e	"秘鲁,欧兰塔坦伯,狭窄,城镇,街道"	https://p1.ssl.qhimgs1.com/t01153d6a9d6339001d.jpg
		
0c3729c203d025ad6ad10403b1306580	雅鲁藏布大峡谷	https://p0.ssl.qhimgs1.com/t014ee8509d34bb9410.jpg
		
7d0570deb351c2daa5e4d32524961278	山头村	https://p3.ssl.qhimgs1.com/t01552185607fccea43.jpg
		
9ccc1ffa4a689d21bebb558ddeebedb5	"尖顶,圣母大教堂,世界遗产,老城,沙特尔大教堂,中心,卢瓦尔河谷,法国,欧洲"	https://ps.ssl.qhmsg.com/t01f3fbe484229ef2b6.jpg
		
b2a48f85d49c42391903ec21d10376f2	"传统,房子,城镇,伊尔库茨克,俄罗斯"	https://p1.ssl.qhimgs1.com/t01c20b500b4a921b8d.jpg
		
be94cd93e7452e92df51f69d657b4326	"橡树,框架,输入,温室,联结,房子,国家"	https://p0.ssl.qhimgs1.com/t01efadfe8e3d94551a.jpg
		
70014f6f370828a1b744c657fbac034d	"冬天,伽斯佩,魁北克,加拿大"	https://p2.ssl.qhimgs1.com/t01781f1b8580bd4212.jpg
		
4ee636302f03ce0a47f723ed31a7df42	"石头,喷泉,玩,平台,南方,房子"	https://p0.ssl.qhimgs1.com/t01a1e1c80d65676c74.jpg
		
1e0f1a776360dd33b37beaec9bd92ebb	"简单,房子,玉米田,宾德雅,缅甸,东南亚"	https://ps.ssl.qhmsg.com/t01f744264bf80f578f.jpg
		
13d38f6b9fccdd50ddf72ac7354b4918	"简单,桌子,椅子,休闲,后院"	https://p0.ssl.qhimgs1.com/t0107479f54e63236fc.jpg
		
dda90c7967d69df542d9836cc7265266	"房子,积雪,魁北克,加拿大"	https://ps.ssl.qhmsg.com/t01490882f2568f4af7.jpg
		
9c25288a20c7f4b2d3a94b6990f88401	坝上草原	https://p5.ssl.qhimgs1.com/t01b2c6cb9ffd94963b.jpg
		
b7f9517e080595c04a930e6cc69942be	"大牧场,巴塔哥尼亚,智利,南美"	https://p0.ssl.qhimgs1.com/t0114f37f0d923045fa.jpg
		
d7e6012490a4e4712bbea134b1d61693	"纳瓦拉,西班牙"	https://p0.ssl.qhimgs1.com/t01bc261e45f93cd630.jpg
		
336f678e224a15ef7695adcc4139cef6	"老式,桌子,椅子,摆饰,厨房,老,木质,侧面,住宅,家,魁北克,加拿大"	https://ps.ssl.qhmsg.com/t018f426289b7dc6a8f.jpg
		
5c116d9e165d6c945fe1d4eae791fd76	"碗,新鲜,苹果,花园桌,苹果树"	https://p3.ssl.qhimgs1.com/t014e98a8da69515443.jpg
		
6699359c070de664f47800d60559222a	"衣架,悬挂,铬合金,轨道,架子,高处"	https://p0.ssl.qhimgs1.com/t01c85cf2ee2db097dc.jpg
		
9d27f1cf844bf4123378035a4ca5c878	"看,建筑,小路,中国,运河,城镇,乌镇"	https://p2.ssl.qhimgs1.com/t0115ff2dea873b8e92.jpg
		
2f895951a4b81cb2c35740341c29c45d	彩色银行与有色瓶	https://p5.ssl.qhimgs1.com/t01d67b5b9d1021d9eb.jpg
		
44d42fd194ba7b8c288a3fb302f9b9da	"乡村,南部-比利牛斯大区,法国,欧洲"	https://ps.ssl.qhmsg.com/t019fa797c626969129.jpg
		
f0761b0cc7a10014f8ce7ecfc9535262	"米斯郡,爱尔兰,屋舍,靠近"	https://p2.ssl.qhimgs1.com/t01fcaf024b25cba78e.jpg
		
bd3d048022202eeb78c003effbf9acfd	太乙温泉	https://p0.ssl.qhimgs1.com/t011eb2a9af41c6dd0a.jpg
		
25f056b5f5774229bbf367b13cd29cfc	"乡村,布胡斯,瑞典"	https://p0.ssl.qhimgs1.com/t01b4ea2a654ac16660.jpg
		
59048a81af769855db347700a1c80cd0	"瑞恩,凡尔赛宫,法国"	https://ps.ssl.qhmsg.com/t01927bc24660a0c959.jpg
		
a940feef2416fc3785452bbde9d12145	时尚家居	https://ps.ssl.qhmsg.com/t015d70c5545fdf7d78.jpg
		
0d9e397bcc457d9c42a8a8ba1fa7fec3	"法尔茅斯,历史,社会,博物馆,草地,科德角"	https://p5.ssl.qhimgs1.com/t01505981fef87c5bdb.jpg
		
35c604ba1aa25c7b42fe2580715e385a	阿灵厄博恩霍尔姆丹麦	https://p0.ssl.qhimgs1.com/t0103e1bbdeebca3520.jpg
		
3bab32df52c731d9f0e281cacd17a72b	乡村别墅	https://p0.ssl.qhimgs1.com/t0150366939e66736d4.jpg
		
cc114f5113db40996992b47d27e8eb26	近巴达索尼匈牙利	https://ps.ssl.qhmsg.com/t01e9108078dea5d7bf.jpg
		
75daa304400a61c534e51eeaafe17c8b	"杜布罗夫尼克,克罗地亚,欧洲"	https://p3.ssl.qhimgs1.com/t013e49b27a61ef30b3.jpg
		
b61e4999ac853cb7f317d910735d7f82	"盘子,酥皮面包,餐馆"	https://p1.ssl.qhimgs1.com/t01409f752702eda88d.jpg
		
6ff2d3b3d95ad54ef6d7a50a967e7b64	蓝天牧场	https://p3.ssl.qhimgs1.com/t017033824083124c53.jpg
		
430779cb7b537eb9f9f77728f3b4c6d0	"桌子,午餐,藤架,篮子,蔬菜"	https://ps.ssl.qhmsg.com/t01b9efb3fad56e7b59.jpg
		
590b824a9dc9f6b57e84d030e31af839	"房子,法国,欧洲"	https://ps.ssl.qhmsg.com/t012612bef54f799706.jpg
		
3dc0a33f2c399a99122354b473107a56	"泡菜,果馅卷,熏肉,烤制食品,乡村,厨房"	https://ps.ssl.qhmsg.com/t01e8a5160c5cefab59.jpg
		
24a886cb45bc7f0aa967d454d152e0d7	"山,风景,山谷,伊斯兰,墓地,山脉,南方,摩洛哥,非洲"	https://ps.ssl.qhmsg.com/t01e7f4e03b9dea9376.jpg
		
52eb50d0f2775e4e798c1e4665672754	"遮盖,门廊,户外生活,房间,夏天,壁灯,地面,灯,耶鲁,造型,椅子,20世纪20年代,藤条"	https://p0.ssl.qhimgs1.com/t015a7f397e8720737c.jpg
		
c4b81c1fa21a2127bdd834423b0214bd	"美国,佛蒙特州,中心"	https://p0.ssl.qhimgs1.com/t01562074f7a15791a0.jpg
		
b9390760d0b88e09055d62b4e8849a9f	"乡村,厨房,室内,住宅,原木,家,魁北克,加拿大,图像,地产,书本,杂志,报纸,使用,只有"	https://ps.ssl.qhmsg.com/t014022183c535f1986.jpg
		
a6f6516e678ac0c492fc7d70c56cdf88	四川泸州古蔺县太平古镇	https://p2.ssl.qhimgs1.com/t01b698851f81932162.jpg
		
c9466dcca8c161d02e2bc0edad7c98d7	"墓地,导演,电影,演员,作家,老,慕尼黑,巴伐利亚,德国,欧洲"	https://p0.ssl.qhimgs1.com/t01ebf38b2f7831d354.jpg
		
715f1dcb2ede594828179e95fce9f37c	浙江清水湾沁温泉	https://p1.ssl.qhimgs1.com/t017ec838c2bf0a02ad.jpg
		
9abe1747b47be036656ea8cab61797af	"特写,小,木制长椅,脚,楼梯,走廊"	https://p5.ssl.qhimgs1.com/t010d70aa6b6f177cab.jpg
		
ce7229c7706fa68cda2b72dc47e609e6	"锡拉岛,基克拉迪群岛,希腊群岛,希腊,欧洲"	https://p0.ssl.qhimgs1.com/t01433638c23160a660.jpg
		
d024fbdea4d53c5eeb4e2032a933ed26	"弗兰克尼亚,巴伐利亚,德国,欧洲"	https://p3.ssl.qhimgs1.com/t01586842c83c5dc1c3.jpg
		
9846cf49a596e079032baa7a33f047ba	"生动,海岸线,自然风光,背景,简单,户外进餐"	https://ps.ssl.qhmsg.com/t017b5043d89d94e76f.jpg
		
22ef8401e01e041b69a8499c0aef9e24	河流经村	https://ps.ssl.qhmsg.com/t011e84120894fabab8.jpg
		
8a636243c827a7c6dab86a4b9589cd55	"靠近,爱尔兰"	https://p1.ssl.qhimgs1.com/t0186498adf9ccf2821.jpg
		
cc3e953a60485f03b58cae8a2716d146	"佩姬湾,新斯科舍省,加拿大"	https://p2.ssl.qhimgs1.com/t01bb71f559526e9492.jpg
		
143aeebad0e56b0467c7e3aeee85d665	石头房子俯瞰海岸线	https://p0.ssl.qhimgs1.com/t0105abec67d5fcb00a.jpg
		
1b0633cff48310be6702149c12be3dec	"地面,门廊,温暖,赤陶,砖瓦,一对,坛罐,基座"	https://p2.ssl.qhimgs1.com/t011e84aebf9bb1c452.jpg
		
758fb20db7042bc6affe05e60c019e37	大别山彩虹瀑布	https://ps.ssl.qhmsg.com/t01167781143db59c78.jpg
		
08a704186b133a4de297ed8382c8d60f	中国山东济南经典街巷	https://p3.ssl.qhimgs1.com/t0189ae4efb4d2c8023.jpg
		
f5b0765460407318ad245f2955e29e68	"室内,走廊,房间,乡村风格,家"	https://p2.ssl.qhimgs1.com/t01ce728090a015effe.jpg
		
3dfb82ffb45473e83128467a09ce4f4c	"乡村,卧室"	https://p0.ssl.qhimgs1.com/t019eb48048076eb7b4.jpg
		
7257fb3008fa92d403b574f111622ce0	"庄园,花,草地,无花果,树,春天,马略卡岛,巴利阿里群岛,西班牙,欧洲"	https://p0.ssl.qhimgs1.com/t010b94a7576edc1144.jpg
		
2c6292cb09c266a125ced78f1b21cf3f	"大教堂,瓜纳华托,黄色,建筑,蓝色,灰色,大学,后面,世界遗产,瓜纳华托州,墨西哥,北美"	https://p0.ssl.qhimgs1.com/t0127418f64a66de44c.jpg
		
3c1c85d76042afbc39cba54b26357e45	"欧洲,波兰,喀尔巴阡山脉,乡村,风景,河"	https://ps.ssl.qhmsg.com/t0112afd48af05f0175.jpg
		
7f80469b3ff335c28631cdb79d68de23	"房子,稻米梯田,稻米,咖啡,心形,西部,印度尼西亚"	https://p5.ssl.qhimgs1.com/t01f7d32e6a6b287adb.jpg
		
6273b6c42965bdbaa0cc2017bccab539	"电视,垃圾场,场所,普罗旺斯,法国"	https://ps.ssl.qhmsg.com/t01f3e2d77f8a93e2b7.jpg
		
54478494b4dd11f7cbe5b0b7c607d08f	"屋舍,假日,家,阿基尔,梅奥县,爱尔兰,欧洲"	https://ps.ssl.qhmsg.com/t011d0d2ff741720a59.jpg
		
ed0a54adc5dee3881c4337be3c95634b	景物摄影	https://p1.ssl.qhimgs1.com/t018416be85b3d5c4bd.jpg
		
3883a7679f0a1066f9b0715f3bee7229	"乡村,奶酪,成熟,房间"	https://p2.ssl.qhimgs1.com/t01c9ad1a68e2b74752.jpg
		
f5d883530de258c4cbce2e54c5abb2b7	"就餐,客厅,创作,舒适,浪漫,留白,夜晚,照亮,蜡烛,灯"	https://p2.ssl.qhimgs1.com/t0128b6a85b5d703932.jpg
		
9f8792aa7b90769a70269adf7a8dc210	"门廊,鹅卵石,镶嵌图案,石头,地面,巨大,花瓶,母牛,西芹"	https://p1.ssl.qhimgs1.com/t0146817fe8e63a8421.jpg
		
ab9b54369f3560ffcd8b6ba723146ff2	"阳光,发光,上方,海岸线,挪威"	https://p1.ssl.qhimgs1.com/t0158acd0274092e1d1.jpg
		
1868747c478d4daa9dc6ed3e4fc4dc7d	"湾,纽芬兰,拉布拉多犬,加拿大"	https://ps.ssl.qhmsg.com/t016b92f11a7adfc077.jpg
		
01c8619756e2e0b50075f50195232060	"农舍,草地,岛屿,马格达伦群岛,魁北克,加拿大,北美"	https://p2.ssl.qhimgs1.com/t012cbf9197f26edcfe.jpg
		
442768f73e9d1d8e2ce665bd167c21e3	意大利	https://p0.ssl.qhimgs1.com/t01fa114ba4f263db4a.jpg
		
e1cdfe77eafb7ae0151fefc1b1f7a9c9	意大利	https://p1.ssl.qhimgs1.com/t01145bbedd63af97cd.jpg
		
2d370b60d94e4ce23174744201260a64	大本营酒店	https://ps.ssl.qhmsg.com/t015686a9d965a41719.jpg
		
8363f4b3e66a273867a94c9d5325c748	苏泊罕大草原旅游景区	https://p2.ssl.qhimgs1.com/t01933a30d37fb4009e.jpg
		
df0362e149824221a203749c9ed970dc	"边界,水仙花,屋舍,划船,排"	https://p3.ssl.qhimgs1.com/t017ddaad553f5d6b83.jpg
		
4fca0f471650919b5e9a4e02c9d600b9	"老,房子,湾,靠近,小,渔村,蛇,岛屿,埃尔尼多,巴拉望岛,菲律宾"	https://p1.ssl.qhimgs1.com/t0168f4d92e0726e3d1.jpg
		
edb0c1fbdb2be639752cb28be12d605a	"椅子,灯,山,房子"	https://p0.ssl.qhimgs1.com/t01c47b0c146982da4c.jpg
		
e8893374ac14a8e5318d4744f5ddb2b1	"爱尔兰,郊区住宅,亚麻布"	https://p5.ssl.qhimgs1.com/t01840bcb9ed17b5beb.jpg
		
ac406b85c61685f82d2dace34df5fe5d	"孤单,房子,阿基尔岛,梅奥县,康涅克特,省,爱尔兰,欧洲"	https://ps.ssl.qhmsg.com/t01a946f349df90f305.jpg
		
15dccf91cf2898535eef1edfa522cecd	"小屋,瓦纳卡,中心,奥塔哥,南岛,新西兰,太平洋"	https://ps.ssl.qhmsg.com/t0152e2e8f4718f2db9.jpg
		
7f9d6615296ae4ff0156aa634e9c980b	"俯视,王子,北海岸,不列颠哥伦比亚省,加拿大"	https://p0.ssl.qhimgs1.com/t019b7d7f19a45e057c.jpg
		
a72b93b8658cff85016e6522c4525f9a	"奥地利,萨尔茨卡莫古特,哈尔斯塔特,木房子,花,仰视"	https://p0.ssl.qhimgs1.com/t01a5b07ff5e6ecaf3c.jpg
		
c9938de6b54b02afea53f5d38e81c6c1	农舍内景	https://p2.ssl.qhimgs1.com/t010f98a6db332cff5e.jpg
		
9834829cceb001c6b0b2bcf0b799fdb8	大围山龙须峡谷漂流	https://p0.ssl.qhimgs1.com/t01ec5bd8f680ad78dc.jpg
		
26130b1e69d40acde541d813824e4648	"走廊,乡村,木椅,梁,景色,客厅,家,新墨西哥"	https://p5.ssl.qhimgs1.com/t01f5fb11426c9e78cb.jpg
		
4fcff1fe427aa8d6587c3510c7328cce	印度尼西亚苏门答腊	https://p5.ssl.qhimgs1.com/t011ea7f7896a2eeb0b.jpg
		
2a3d06d1e35f6c4f0d0c760ad207d013	"蓝色,涂绘,门,窗户,石头,建筑,英格兰"	https://p3.ssl.qhimgs1.com/t01ef8b817d2705a593.jpg
		
c0beb084b9549f8658e5983f36d380fb	"餐厅,椅子,20世纪50年代,风格,吊灯"	https://p0.ssl.qhimgs1.com/t0183f9ccd240d8a60a.jpg
		
842f8fa8cf7d6a5986e8de58bca25f98	"巨石墓,地中海,文化,风景,世界遗产,法国,欧洲"	https://ps.ssl.qhmsg.com/t010b735dd415fb575f.jpg
		
ec8de8f49c6860eb0ea3ef4b2d66da5f	"教堂,葡萄园,汉拿威,阿尔萨斯,法国,欧洲"	https://ps.ssl.qhmsg.com/t0185825e12eb6af026.jpg
		
e299a020a01ac80c3fc684dd401cf30b	"酒吧,都柏林,爱尔兰"	https://p3.ssl.qhimgs1.com/t01ea171bf5b7155db3.jpg
		
f56e83e57d1ae4a6a342b46eadd3912b	"展示,墙壁,小,阁楼,客厅"	https://p5.ssl.qhimgs1.com/t013b0119261aa6e03b.jpg
		
a2cbc29e1b104a72baab8024ca584ec4	"草地,纽芬兰,加拿大,维京,住宅区,国家,古迹"	https://p5.ssl.qhimgs1.com/t011694067b76c21dbb.jpg
		
438ec6da9086fb517e032e49f1e046c0	西部大峡谷	https://p1.ssl.qhimgs1.com/t0196b564f88219fdf1.jpg
		
12fec55b9010897e959012bfb1cd3857	"首府,老,堡垒,乔治敦,格林纳达,加勒比海,西印度群岛,中美洲"	https://p0.ssl.qhimgs1.com/t01f013b88b6c3e648a.jpg
		
0b8953555c5b9115229649c0ebb7c987	放松	https://p0.ssl.qhimgs1.com/t0132928692f25b0844.jpg
		
64ed657743569ff6c94f3b0402b156e2	"凹室,谷仓,书架,桌子,学习,区域"	https://ps.ssl.qhmsg.com/t01dbb963290fed3e59.jpg
		
e9c7d65a42e7cf85da69d1a49675f919	"红色,房子,海洋"	https://ps.ssl.qhmsg.com/t018eeb0a02d98f9057.jpg
		
36276775837927e743d563da9ed1092d	"坎德拉里亚,餐馆,加泰罗尼亚,西班牙"	https://p3.ssl.qhimgs1.com/t01db2844c30dc9b1d3.jpg
		
9ea2700ff8c840c8f3ca2fe6f842e1c1	"俯视,西部,海岸,莫尔比昂省,海湾,布列塔尼半岛,法国,欧洲"	https://ps.ssl.qhmsg.com/t013b537a3daeefb385.jpg
		
09e1205c84a5469d73a6368a2b2fdf7b	"帐蓬,舒适,沙发,桌子,乡村,长木凳"	https://ps.ssl.qhmsg.com/t01c5109b100a9fc6a5.jpg
		
ff12bf0febe7c8bad8859a14d23ff7cd	"航拍,泰德山,大西洋海岸,特内里费岛,加纳利群岛,大西洋,西班牙,欧洲"	https://p5.ssl.qhimgs1.com/t01c6c5cd4772531ceb.jpg
		
a2e0d79bc37de9d404824d258e285b0b	"不动产,丝绸,19世纪,世纪,公园,北莱茵威斯特伐利亚,德国,欧洲"	https://ps.ssl.qhmsg.com/t0160efa2663a54d079.jpg
		
00966b7bd51b85e6f717eba15f8f1737	红河峡谷漂流景区	https://p0.ssl.qhimgs1.com/t01ce033b36448bf100.jpg
		
90e06de9334aeb4370410640f307a9a1	"屋舍,阿基尔岛,梅奥县,爱尔兰"	https://p5.ssl.qhimgs1.com/t01314f1c62addb0bab.jpg
		
c5566e751a0f6440da480bb9b2cd7736	"危地马拉,安提瓜岛,窗户,花,罐,殖民地,家"	https://p2.ssl.qhimgs1.com/t0114bf7d28c5fa13b2.jpg
		
bd84de5b4a545b7509f4af6f2fa4b82c	"特写,简单,大理石,壁炉,一个,许多,客人,卧室,鲜明,花,壁纸,20世纪30年代"	https://p0.ssl.qhimgs1.com/t01ab9ab15165a6a5e4.jpg
		
ad2beae382c0cf466c6c8f905d93814f	"红色,房子,丹麦"	https://ps.ssl.qhmsg.com/t018949459e61e82c0f.jpg
		
c9129b60c1a334bbecb5e352fb1dc640	"地点,普罗旺斯,法国"	https://ps.ssl.qhmsg.com/t012b7badd499036ba9.jpg
		
ed483df1cf4dd89ed0b2d30bc7be81fc	房屋出售阿尔代什法国	https://p0.ssl.qhimgs1.com/t011200e77aa6037674.jpg
		
babaf5a1b79411d03a3d4602e7c1cb3b	"法国,一个,墙壁,漂亮,餐厅,椅子,遮盖,亚麻布,裙子,白色,涂绘,桌子"	https://ps.ssl.qhmsg.com/t01820fb3734345b9d9.jpg
		
ce4d08bd63146b03b4ff07641138d761	"房子,牧场,俄罗斯,科斯特罗马,艺术,博物馆"	https://ps.ssl.qhmsg.com/t017863b4160f04901f.jpg
		
69523e54c4f9c69e9816d39137d76c96	"城镇,山坡,北约克郡,英格兰"	https://p1.ssl.qhimgs1.com/t01a5f844c4a5d5ed7d.jpg
		
b8ea7381a35de59988d363560c6e5fd4	咸宁嘉鱼山湖温泉	https://p1.ssl.qhimgs1.com/t01b7d77509bd304e01.jpg
		
435ae32cdff8d2351dc0ef63cbca1b58	"卡莫利,波托菲诺,半岛,利古里亚,意大利,欧洲"	https://p1.ssl.qhimgs1.com/t01685e674508111941.jpg
		
d9162ef94ee39be188a274f158d5c6db	"爱德华王子岛,加拿大"	https://p3.ssl.qhimgs1.com/t0105068d77e8c81113.jpg
		
47b12fb684d97c0fb5ca53a8c3c0c89e	"连栋房屋,纽芬兰,拉布拉多犬,加拿大"	https://ps.ssl.qhmsg.com/t01d886174b8275c2c5.jpg
		
5e412a137f020b33b3c0f671e87a8938	"女人,正面,谷仓"	https://ps.ssl.qhmsg.com/t0129a7da102c400c27.jpg
		
2caa5768efe8a9dd681cabeacc295278	"多纳格,靠近"	https://p1.ssl.qhimgs1.com/t01ebdf6f0a7317d4fd.jpg
		
da6bed12683eef16c1d9c58fe7ad9fbb	"乡村,酒店,巴利阿里群岛,西班牙"	https://p2.ssl.qhimgs1.com/t01e558ff689d08f26e.jpg
		
93e37e6c282df4465ce887f96fea4d15	"一瞥,乡村,厨房"	https://p0.ssl.qhimgs1.com/t0122a65d19f53c95b4.jpg
		
283c02118c30479d140d29565b99e1e2	"桌子,椅子,内庭,远眺,海岸线"	https://p5.ssl.qhimgs1.com/t0145f3c3f7168966bb.jpg
		
7c6dc4e9bdb3639863f75e365472f6a2	"乡村,酒店,巴利阿里群岛,西班牙"	https://ps.ssl.qhmsg.com/t013b587dbafcb276b6.jpg
		
e7d95d7470b49a2ac5163224b0cd6758	紫龙湾温泉	https://p0.ssl.qhimgs1.com/t01c58668b484365c1c.jpg
		
1328a9a2fee73db1a41ef7d15519efcd	"降落,法国,沙发,路易十六,甜点"	https://ps.ssl.qhmsg.com/t013ecfed03f85c45e8.jpg
		
3c93790f6696a90d0afcaab69888d11d	"秋叶,传统,茅草屋顶,房子,白川乡,乡村,世界遗产,歧阜,日本,亚洲"	https://p1.ssl.qhimgs1.com/t01f73d91bed2314651.jpg
		
a01769027fcf475021f4f39ae663cc49	"俯拍,城镇,佛蒙特州,美国"	https://p1.ssl.qhimgs1.com/t01f89ee70347bc0e61.jpg
		
fb7f2848155f0c571f7fb02a321d9764	圣奎利克道尔恰托斯卡纳	https://p0.ssl.qhimgs1.com/t016c315f13f1053344.jpg
		
984aea8c9180a4fe91a62f514f5f173c	"悬崖顶,乡村,栖息,俯视,山谷,阿尔卑斯滨海省,普罗旺斯,法国,欧洲"	https://p0.ssl.qhimgs1.com/t014e7d93870e63f1b0.jpg
		
17622bab1588a02dfb9aeffda47e19e7	"传统,穆斯林,墓碑,女人,墓地,花,数字,孩子,乡村,伊斯坦布尔,土耳其"	https://p0.ssl.qhimgs1.com/t0192276d67580adc70.jpg
		
5890dac1d4927bb5be21ec34935a5532	"庭院家具,椅子,扶手椅,草地,秋千,伞,装饰,褐色,条纹,布"	https://p2.ssl.qhimgs1.com/t013e5b93cacee50f4e.jpg
		
d8664ff901e3d9f792ef28c438f332a0	"意大利,赤陶,屋顶"	https://ps.ssl.qhmsg.com/t01a305b5a09f201377.jpg
		
1bb4c1d0d9ac890432dbc8dcb1172d9b	"茶几,客厅,巨大,木"	https://p5.ssl.qhimgs1.com/t01a0e8258336bbb9eb.jpg
		
e07673e3ee70d696c4bf41bd06cdd15b	浏阳飞天温泉	https://p3.ssl.qhimgs1.com/t0199374ec6144269a3.jpg
		
1380dc01757f533f34a55b0feac0e139	"冬景,靠近,山谷,华盛顿"	https://p0.ssl.qhimgs1.com/t01009b603edca5a954.jpg
		
e2b910f470ae43294b7959bfb961f260	"冷却塔,翱翔,发电站,家居,住房,前景,山谷,诺丁汉郡,英格兰,英国,欧洲"	https://ps.ssl.qhmsg.com/t01e20032311fb315d6.jpg
		
d0e4f56ed5a8abc4784398c714e45518	"收集,土耳其,非洲,垫子,角,客厅,中国,红色,漆器,柜橱,箱柜,茶几"	https://ps.ssl.qhmsg.com/t0130cd96fe133e1d3f.jpg
		
36e29c98d7d794ff4fc57ae72f0afe19	"英国,丹麦,法罗群岛,岛屿,靠近,托尔斯港,传统,彩色,房子"	https://ps.ssl.qhmsg.com/t015d353b3679127d68.jpg
		
dcd2e22c331b0f18de13272687872262	"乡村,石灰石,山,背景,布伦,区域,克雷尔县,爱尔兰"	https://p0.ssl.qhimgs1.com/t0108e4ef280c01b504.jpg
		
78f98dae374b0e929b069f187f0a7f42	"观测,爱尔兰,18世纪,设计"	https://ps.ssl.qhmsg.com/t010134a1850275470f.jpg
		
8094787d6407ffb89ace176d5e483ca1	"江门,五邑碧桂园,别墅"	https://ps.ssl.qhmsg.com/t016841c14d5e507819.jpg
		
0b1e4ce673cdb1dad86888cf88981094	"教堂,城镇,建筑,海岸线,海湾,圣徒,加斯佩半岛,魁北克,加拿大"	https://p3.ssl.qhimgs1.com/t01cca9e1be7edcd293.jpg
		
a337613f56b86b757cbc5cf5080d00cd	"俯视,城镇,圣安尼,加斯佩半岛,魁北克,加拿大"	https://p0.ssl.qhimgs1.com/t0102336eba5ee918a4.jpg
		
6d52d1ae6be5490aaf068754eb87c07f	临汾华尧水上乐园	https://ps.ssl.qhmsg.com/t014f56eb8fd23035c9.jpg
		
87466f548cd62834940be4af08c95458	"俯瞰,城市,水电,魁北克,信号发射塔,远景,夏洛瓦,区域,加拿大"	https://p2.ssl.qhimgs1.com/t0120ed4e4b3337b092.jpg
		
948f9f9f4b3ce046d83b6df725c67a00	住宅的	https://ps.ssl.qhmsg.com/t01b4356fdc4749acc9.jpg
		
aa4f82893445792f0fb949e4eb1c5225	"新斯科舍省,加拿大,岛屿,灯塔"	https://p5.ssl.qhimgs1.com/t01f64431bd3f845fbb.jpg
		
101baea96d6cba8c8b37940e28b7f8c3	"卡帕多西亚,土耳其,地质构造,洞穴,怪岩柱"	https://p0.ssl.qhimgs1.com/t010b5401fe1715288a.jpg
		
3685b0b00e2102cf3bb81029e5a564cf	"简约,锻铁,四柱床,遮盖,几何,图案,床单,卧室"	https://p3.ssl.qhimgs1.com/t01c87e4e8b7d28ec63.jpg
		
3e44320ff545e7cec1dee2eaa0ebe8d0	"漂亮,角,城镇,比利牛斯,法国,欧洲"	https://p2.ssl.qhimgs1.com/t018ce156cad75a51e2.jpg
		
58a9bfb41666398789fd69d497fc17d8	"特色,房子,谷仓,区域,苏拉威西岛,印度尼西亚"	https://ps.ssl.qhmsg.com/t014899cd8eec62e506.jpg
		
ff698315eba1d266ec8be34c3e19acbc	"河,手推车,爱尔兰,风景,靠近"	https://ps.ssl.qhmsg.com/t01ad85dfd947a6fff5.jpg
		
a345f123bb4372c1ea57a6945eb0571d	"垃圾场,火,烟,瓜德罗普,法国,西印度群岛"	https://ps.ssl.qhmsg.com/t01cabd2e0d181859d7.jpg
		
770f4b5414d70005f0fa2e28f919caa0	龙女温泉	https://ps.ssl.qhmsg.com/t01f12c7fe41ca8202f.jpg
		
60070bb48cde0c79873fd68846040241	"敞门,景色,浴室,桌子,篮子,淋浴,白色,浴帘"	https://p2.ssl.qhimgs1.com/t01c5de5014bf89329e.jpg
		
022581e3ce8026887756b32423b0c60f	"Wooden fence and derelict house, Bodie ghost town"	https://p0.ssl.qhimgs1.com/t017a773033c0e744e4.jpg
		
215a8434ef80a5edebaf8b2b45475f9a	"风景,山,农场,不动产,火山,赫尔高,区域,康斯坦茨,巴登符腾堡,德国,欧洲"	https://p1.ssl.qhimgs1.com/t010f79b19a3190e781.jpg
		
373940856707e3dd8075e5b8f6e40b88	意大利面在一个陶瓷杯	https://p0.ssl.qhimgs1.com/t01566a30f755287480.jpg
		
8ed96e9a1e5763a5747ead98e34a0cc7	"萨瑟兰,乡村,屋舍,远眺,湾"	https://ps.ssl.qhmsg.com/t0127a8bf3cf8d44917.jpg
		
b39890e53e6373743417644a644b5336	农村厨房	https://p2.ssl.qhimgs1.com/t01dfcdd4d418660f32.jpg
		
205559d6a341edb55f1343bd9a928118	"天空,城市,普韦布洛,新墨西哥,美国,北美"	https://p2.ssl.qhimgs1.com/t01c11c56792f6f8d7e.jpg
		
459e97dabd0f353fc0eb52dbe0fd6743	"山峦,靠近,安静,山谷"	https://p2.ssl.qhimgs1.com/t014122ace2ea610e12.jpg
		
ca588e0b151c57b1421842b785503062	"水道,带来,水,圣地亚哥,克雷塔罗,世界遗产,墨西哥,北美"	https://ps.ssl.qhmsg.com/t01854fdfaec0a0e7b7.jpg
		
e2f6159f427b5efd1301f4d93584f23f	游	https://p0.ssl.qhimgs1.com/t01583d4b929ad302d4.jpg
		
e8e123d46bba8d675c1f9b1e85a0e235	"木制,房子,城镇,瓦纳,莫尔比昂省,海湾,布列塔尼半岛,法国,欧洲"	https://p0.ssl.qhimgs1.com/t01abb961168b663a84.jpg
		
6dbaa168f1c41b6ff33c80c10c12ddbe	"相似,床,卧室,遮盖,手绘,花,风景,教堂"	https://p1.ssl.qhimgs1.com/t01a1d058e569972051.jpg
		
16fde171a8bdda563ae6e72c453f251e	"农舍,谷仓,靠近,麦田,萨斯喀彻温,加拿大"	https://ps.ssl.qhmsg.com/t01d55ca42a6adf96ef.jpg
		
74de436afee040eefb268f892169632d	"圆锥形帐篷,山峦,艾伯塔省,加拿大"	https://ps.ssl.qhmsg.com/t01b61ef7ba20072186.jpg
		
23f49bbc58367a2f7c80275e9b925d9e	"布,悬挂,上方,屋顶,梯田,荫凉,太阳"	https://p3.ssl.qhimgs1.com/t0174e214a8b21a9f03.jpg
		
a019055dbdfcd9864e60d2248fda4b90	"木,室内,生动,空间感,客厅"	https://p2.ssl.qhimgs1.com/t01e292fab2e8fdc952.jpg
		
58ebecb74aa9dc3af90a9ef1464265ba	"住宿加次日早餐,标识,房子,布列塔尼半岛,法国"	https://p0.ssl.qhimgs1.com/t014d7ff70566647dda.jpg
		
0190efe7cc6308a0aa783f706cbde9b2	半边莲花园椅	https://p0.ssl.qhimgs1.com/t0195c7fbd9494f2800.jpg
		
41f48baa19c8544e9083a22a4139b7dd	"铁器时代,房子,乡村,刘易斯岛,西部,岛,苏格兰,英国,欧洲"	https://ps.ssl.qhmsg.com/t018b88c3d3ac08c888.jpg
		
c5f9523f08e995ceeb5be250c41baa7e	游	https://p5.ssl.qhimgs1.com/t01e1118f3b9523443b.jpg
		
09a5185e2c700e3104dd2b1d1ce0f8f6	"著名,迷失,富兰克林,探险,通道西北部,岛屿,兰开斯特海峡,努纳武特,加拿大,北极"	https://p3.ssl.qhimgs1.com/t0199c7d87504fd9643.jpg
		
cfc3a4d6b3bffe9a470e36ffff7ffc78	"工作室,工作台,简单,玻璃,表面,两个,支架"	https://p0.ssl.qhimgs1.com/t01cf0b47df2fdeadfa.jpg
		
8cbdfe7b014f35fad6bacf5f3b991380	"道路,房子"	https://p0.ssl.qhimgs1.com/t0111b4a3050dcc0590.jpg
		
d3de67d1cb70d1c239a47822dde49d55	"攀升,乡村,多纳格,阿尔斯特,爱尔兰,欧洲"	https://p1.ssl.qhimgs1.com/t01e6dbe1404767f161.jpg
		
d3225ff95b128f2c8a7c64a734fe2422	"乡村,室内"	https://p0.ssl.qhimgs1.com/t0118352f392b03a550.jpg
		
db8ab15788f8727e0b7adde2b0da9f8b	"太阳,乡村,屋顶,巴登符腾堡,德国,欧洲"	https://p0.ssl.qhimgs1.com/t01b86b53a1d1062db0.jpg
		
bb5cf5057a59ad0703eb549d7b9283c8	在花园野餐场景	https://p0.ssl.qhimgs1.com/t016f21d926c61f1514.jpg
		
4f9704686c8d2c17f285dacde6c91b71	"乡村,静物,奶酪,牛奶,面包"	https://p0.ssl.qhimgs1.com/t0191c70c4b9b8e0e7c.jpg
		
075657f37634985d4bd06cd50d5ac758	"房间,生活方式,结束,19世纪,靠近,菲尼斯泰尔,布列塔尼半岛,法国"	https://ps.ssl.qhmsg.com/t0159f73b813a9b7df8.jpg
		
dea9ff4b0a071016c69f0d31cbb81af7	游	https://ps.ssl.qhmsg.com/t01a674f2345ff81d55.jpg
		
8786b198976882eb340b310100979e7d	"传统,屋舍,爱尔兰"	https://p0.ssl.qhimgs1.com/t01a96936abd6c96154.jpg
		
c5ee8c4a659e3f739b776e7c1f3e4cf0	"豆泥,铸铁,煎锅,木桌子"	https://ps.ssl.qhmsg.com/t012d50be6218f44819.jpg
		
be3ec6efb32014b7da0d873a3eb6f144	"房子,商店,巴纳韦,著名,古老,稻米梯田,山脉,区域,北方,吕宋岛,菲律宾"	https://p0.ssl.qhimgs1.com/t011b7d3ca32845888c.jpg
		
9b5023962550be82ca910adb432c12da	"打开,古老,门,白天"	https://p5.ssl.qhimgs1.com/t0111b78fd2f98f5aab.jpg
		
2d82483ab2696b4dc56c5b11f82bcd8c	"新西兰,南岛,奥塔哥,皇后镇,全视图,湖"	https://p3.ssl.qhimgs1.com/t018a44edf240667023.jpg
		
2afa5422ba7c23a342c2d226029eced4	"日落,港口,纽芬兰,加拿大"	https://p1.ssl.qhimgs1.com/t017c7e83da4ddad92d.jpg
		
20e787edd67a82bacfae07a699b5a022	"西部,岛,苏格兰,英国,欧洲"	https://ps.ssl.qhmsg.com/t017c61816619874338.jpg
		
bb695f2a9fa9e7c92d5b2799bbd3d1d1	"风景,港口,老城区,夜晚,戛纳,阿尔卑斯滨海省,里维埃拉,法国,地中海,欧洲"	https://ps.ssl.qhmsg.com/t01f58ebcd76fc3a4e8.jpg
		
a3e3428f7e31e1701716ad39e5080b74	"美国,佛蒙特州,沃特福德,主要街道,孩子,回家,学校"	https://ps.ssl.qhmsg.com/t01fe09ee391d802805.jpg
		
d7762c34a9b6733e08e07c028258c387	唯美摄影	https://ps.ssl.qhmsg.com/t0133a6556a331b8ee9.jpg
		
30639825e2de25a449d8553ec911c4d9	"桌子,早餐,窗户,打开,山坡"	https://ps.ssl.qhmsg.com/t0197b2070943359e77.jpg
		
0c571f13ee18d299319b3004006448d5	"开放式格局,设计,餐厅,白色,木板嵌镶,蓝色,椅子,餐桌,正面,内庭,门"	https://ps.ssl.qhmsg.com/t01e94f4ce3bdde4619.jpg
		
830a30f1adf7cacf34e6d7012149de2e	"舒适,咖啡时间,正面,白色,砖瓦,敞门,火"	https://p2.ssl.qhimgs1.com/t01ad8afe01204ad582.jpg
		
ae6e761476b4c5dd08ada494cd8a447f	"奢华,小,酒店,餐馆,法国乡村,物主,鲁伯隆,沃克吕兹省,普罗旺斯,法国"	https://ps.ssl.qhmsg.com/t01911858a41a0e0846.jpg
		
24b36c4a9b664d8d48092a79aa0a9e9a	"半木结构,房子,涂绘,粉色,蓝色,标识,薪水,诺曼底,法国,欧洲"	https://p2.ssl.qhimgs1.com/t011312d7c5831f6ac2.jpg
		
521c5e27621f3d787ddf6a5caf9acadb	"乡村,东方,汉普顿,长岛,纽约,美国,北美"	https://p0.ssl.qhimgs1.com/t01bccdb163ccf89ea0.jpg
		
594d91a1c2c9aa4fc9a5717ba5bcacb5	"皇后镇,壮观,中心,奥塔哥,南岛,新西兰,太平洋"	https://p0.ssl.qhimgs1.com/t018fda2b023884c160.jpg
		
28b529f01233f10f4dc170d510e94f84	"窗户,室外,上方,花园,脱落"	https://p2.ssl.qhimgs1.com/t01ae51131f8291a6fe.jpg
		
90e0ee4e251781b38cc9bf59dbc8307d	"犹太墓地,乔治亚,西亚"	https://p2.ssl.qhimgs1.com/t01a36663bd1cfe6fce.jpg
		
83245d67bdf71a36c37c853856d2ca09	三峡大瀑布	https://p2.ssl.qhimgs1.com/t01a52a03ae6ec531ce.jpg
		
a5c4b10f1c09b92a0cd1d00f99e24d74	"扫帚,水桶稳定"	https://p0.ssl.qhimgs1.com/t019e73469d0856663a.jpg
		
ecd393873cd70eb7646b323477f53bd3	风车村	https://ps.ssl.qhmsg.com/t01d8a170045aab6d59.jpg
		
e4d00e44c0a76088dae0b63d61f2807a	"俯视,堡垒,艾伯塔省,加拿大"	https://p2.ssl.qhimgs1.com/t012d1ec2eda9d66db2.jpg
		
88573922010ed77295ab6470c8d8f18d	"辣椒,红色,柠檬,绿色,创作,活力,愉悦,厨房,现代,伦敦,房子"	https://p0.ssl.qhimgs1.com/t0127ece4b8e86e8114.jpg
		
2dee2c0e2c4af6b5614517915d81db35	"住宿加次日早餐,旅店,切尔西,佛蒙特州,美国"	https://p5.ssl.qhimgs1.com/t0145eb678003a31f1b.jpg
		
040df5e33246cece56933c9f87db4171	"野营车,停止,侧面,道路,户外,科多巴,阿根廷"	https://p1.ssl.qhimgs1.com/t0112d70d1a39b0a311.jpg
		
214a6f98b419157efcb0384bad619e98	戈尔德法国	https://p0.ssl.qhimgs1.com/t013508929c9496c354.jpg
		
c53f234b65ce8387f92d841c614892b5	"狭窄,入口,大厅,恩加丁"	https://ps.ssl.qhmsg.com/t0192c6a8adb9770439.jpg
		
6a8904f4fd6abecab1c640edd4200da6	"农场,晨雾,爱德华王子岛,加拿大"	https://p1.ssl.qhimgs1.com/t01f5199144d6b2cc61.jpg
		
2f40728db3e7d98539052d6873d24296	森林记	https://ps.ssl.qhmsg.com/t01c76d0b3990318bf5.jpg
		
6aa4e45fc2e3e80e671ee45c378674fa	"典礼,场所,巨石,传统,房子,靠近,苏拉威西岛,印度尼西亚,东南亚"	https://ps.ssl.qhmsg.com/t01a206efc359b6c388.jpg
		
028f3f14bbac5b5906efa6f0a3ec1675	"乡村,环境,卧室,华丽,手绘,四柱床,签名,风格"	https://p5.ssl.qhimgs1.com/t0177a0dd89c0c1e57b.jpg
		
d4f7e7307f78efdda62a584c1b3c1656	"岛屿,爱尔兰,屋舍"	https://p2.ssl.qhimgs1.com/t01989230964edda8ee.jpg
		
add764131bdcd1b382448590210fd69e	"景色,厨房,乡村,房子,石头,水槽"	https://p0.ssl.qhimgs1.com/t0101c843b4372b2ffa.jpg
		
2b15246110568c23b2bc732c1723caf6	"高山牧场,沃州,瑞士,欧洲"	https://p0.ssl.qhimgs1.com/t01c8b7b000cdb7b044.jpg
		
a819e1fd8a68bcac5aa1f3c54bb7b84e	"马尔代夫,折叠躺椅,海滩"	https://ps.ssl.qhmsg.com/t0161e01d5b70fcfb47.jpg
		
e27972e16f68df6a32af3d9eab6e2b8a	"房子,蓝色,窗户,入口,出售,布列塔尼半岛,法国"	https://p2.ssl.qhimgs1.com/t01c6391193a575935e.jpg
		
1ce8ea98b3a2582a903b0dc0fc1cdec8	"雪盖,建筑,黎明,室内,亮灯,阿拉斯加"	https://p0.ssl.qhimgs1.com/t017e99b19e309e18c4.jpg
		
1985e72c59e59a1fb61f7307b6d81f28	森林记	https://p1.ssl.qhimgs1.com/t010cf234dd0080020d.jpg
		
573ee57c38c7563b5a92a4961cf47f9c	"家园,艾伯塔省,加拿大"	https://ps.ssl.qhmsg.com/t018c33019556b05ee9.jpg
		
6dff5a35aa9d204740d51c64c4132fa5	"法卡雷瓦雷瓦,热,公园,罗托鲁瓦,北岛,新西兰,太平洋"	https://p0.ssl.qhimgs1.com/t015e506c5ceca11b6a.jpg
